{"batchcomplete":"","continue":{"grncontinue":"0.469383008663|0.469383130145|3525233|0","continue":"grncontinue||"},"warnings":{"main":{"*":"Subscribe to the mediawiki-api-announce mailing list at <https://lists.wikimedia.org/postorius/lists/mediawiki-api-announce.lists.wikimedia.org/> for notice of API deprecations and breaking changes. Use [[Special:ApiFeatureUsage]] to see usage of deprecated features by your application."},"revisions":{"*":"Because \"rvslots\" was not specified, a legacy format has been used for the output. This format is deprecated, and in the future the new format will always be used."}},"query":{"pages":{"18118772":{"pageid":18118772,"ns":0,"title":"Malcolm Pool","revisions":[{"contentformat":"text/x-wiki","contentmodel":"wikitext","*":"{{BLP sources|date=July 2008}}\n{{Use dmy dates|date=January 2020}}\n\n'''Malcolm Pool''' (born 10 January 1943 in [[Hayes End]], [[Middlesex]]) was the [[bassist]] with the 1960s [[Rhythm and blues|R&B]] group [[The Artwoods]] from 1963, until the band split up in 1968.<ref>{{cite book|last=Rawlings|first=Terry |author2=Andrew Neill |author3=Chris White |author4=Chris Charlesworth |title=Then, Now and Rare British Beat 1960-1969|publisher=Omnibus Press|location=London|date=2002|pages=10|isbn=978-0-7119-9094-4|url=https://books.google.com/books?id=iDE0dH6ZLwUC&pg=PA10}}</ref>\n\nFollowing the demise of The Artwoods, Pool joined a [[jazz]] band with Ted Wood, the middle brother between vocalist [[Art Wood]] and guitarist [[Ronnie Wood]]. The band performed at various gigs in and around London, with a Wednesday evening residency at the Kensington Hotel.\n\nIn 1969, Pool joined Accolade with [[Don Partridge]], [[Gordon Giltrap]], Brian Cresswell and Ian Hoyle. Accolade recorded one [[album]] in 1969. Pool left Accolade in 1970, after an incident when Partridge walked off stage during a tour of Sweden.\n\nDuring April and May 1970, Pool played with [[Colosseum (band)|Colosseum]] until a new bass player was found to replace [[Tony Reeves]]. He performed with Colosseum at the Hollywood Music Festival, [[Newcastle-under-Lyme]] on 24 May 1970.\n\nPool left the [[music industry]] in 1970, and joined Ted Wood, Art Wood and Jim Willis at West Four Design, a [[graphic design]] partnership. Following various catastrophes, West Four Design folded in 1975. Pool moved with Art Wood and Willis to North Road Press, where a new design studio was set up.\n\nIn 1983, Pool set up his own studio in Hillingdon, working there until 1992, when he joined [[Denton Wilde Sapte]] to set up and run an in-house design studio.\nMalcolm Pool married twice, and has five children.\n\nPool retired in 2004, and now lives with his wife in South West Scotland.\n\nIn 2007, Pool joined Derek Griffiths, Colin Martin and [[Jon Lord]] at an Artwoods reunion at the ART Tribute night, at York House in [[Twickenham]]. Ali Mackenzie took over Art Wood's role on vocals, and Chris Hunt played drums. They were joined on stage by guitarist [[Ronnie Wood]] and vocalist [[Geno Washington]].\n\n==References==\n{{Reflist}}\n\n{{authority control}}\n\n{{DEFAULTSORT:Pool, Malcolm}}\n[[Category:1943 births]]\n[[Category:Living people]]\n[[Category:English rock bass guitarists]]\n[[Category:Male bass guitarists]]\n[[Category:The Artwoods members]]"}],"images":[{"ns":6,"title":"File:Ambox important.svg"},{"ns":6,"title":"File:OOjs UI icon edit-ltr-progressive.svg"}]}}}}